{
  "train_loss": [
    0.08864,
    0.0764,
    0.07149,
    0.07065,
    0.06895,
    0.06562,
    0.0661,
    0.06591,
    0.06378,
    0.06175,
    0.06092,
    0.05796,
    0.05536,
    0.0545,
    0.05289,
    0.05101,
    0.0468,
    0.04725,
    0.04434,
    0.04308,
    0.04016,
    0.03884,
    0.0403,
    0.03703,
    0.03506,
    0.03416,
    0.03682,
    0.03469,
    0.03268,
    0.0326,
    0.0295,
    0.02682,
    0.02725,
    0.02678,
    0.02745,
    0.02642,
    0.02613,
    0.02319,
    0.02468,
    0.02302,
    0.02236,
    0.02385,
    0.02224,
    0.02169,
    0.02171,
    0.01931,
    0.02001,
    0.01903,
    0.01929,
    0.02022,
    0.01997,
    0.01843,
    0.018,
    0.01956,
    0.0189,
    0.01735,
    0.01795,
    0.01819,
    0.01774,
    0.01756,
    0.01717,
    0.01784,
    0.01664,
    0.01794,
    0.01806,
    0.01688,
    0.01597,
    0.01702,
    0.01515,
    0.01654,
    0.01702,
    0.01593,
    0.01686,
    0.01605,
    0.01708,
    0.01563,
    0.01638,
    0.0165,
    0.01692,
    0.0163
  ],
  "val_loss": [
    0.05579,
    0.05468,
    0.06817,
    0.05634,
    0.05701,
    0.0553,
    0.0532,
    0.05709,
    0.05617,
    0.04868,
    0.04309,
    0.04324,
    0.04573,
    0.05195,
    0.0529,
    0.04431,
    0.04195,
    0.04494,
    0.03112,
    0.05362,
    0.03334,
    0.04366,
    0.03607,
    0.04178,
    0.02887,
    0.04447,
    0.02566,
    0.02494,
    0.02672,
    0.02373,
    0.03441,
    0.03019,
    0.02219,
    0.02978,
    0.02049,
    0.01977,
    0.01852,
    0.02134,
    0.01961,
    0.0211,
    0.0172,
    0.02138,
    0.02454,
    0.017,
    0.0207,
    0.02527,
    0.01893,
    0.02636,
    0.01835,
    0.02065,
    0.02661,
    0.02394,
    0.02208,
    0.0223,
    0.02257,
    0.02248,
    0.01903,
    0.02226,
    0.02377,
    0.02112,
    0.02087,
    0.02072,
    0.01988,
    0.02428,
    0.0195,
    0.02026,
    0.01962,
    0.01917,
    0.02027,
    0.01988,
    0.02112,
    0.01862,
    0.01924,
    0.01965,
    0.01947,
    0.01945,
    0.01951,
    0.01966,
    0.01965,
    0.01961
  ],
  "val_f1": [
    0.37861,
    0.39228,
    0.40058,
    0.41254,
    0.41331,
    0.43235,
    0.44444,
    0.45161,
    0.45951,
    0.4844,
    0.51586,
    0.56767,
    0.55824,
    0.56172,
    0.56019,
    0.59954,
    0.62393,
    0.65693,
    0.69777,
    0.63519,
    0.71706,
    0.71859,
    0.71605,
    0.70588,
    0.75765,
    0.72679,
    0.78539,
    0.78744,
    0.77149,
    0.79474,
    0.7572,
    0.80988,
    0.81081,
    0.78351,
    0.81549,
    0.839,
    0.8523,
    0.82116,
    0.85645,
    0.83838,
    0.85579,
    0.86717,
    0.84466,
    0.85995,
    0.86567,
    0.85781,
    0.88177,
    0.84672,
    0.86247,
    0.87229,
    0.85912,
    0.87042,
    0.8806,
    0.8756,
    0.87229,
    0.87619,
    0.87529,
    0.87619,
    0.87081,
    0.88517,
    0.8867,
    0.87943,
    0.88305,
    0.86783,
    0.88337,
    0.87351,
    0.8785,
    0.87981,
    0.87879,
    0.88161,
    0.87719,
    0.88426,
    0.88426,
    0.88479,
    0.88372,
    0.88479,
    0.88479,
    0.88426,
    0.88525,
    0.88525
  ],
  "val_precision": [
    0.26955,
    0.29327,
    0.28484,
    0.3125,
    0.28932,
    0.31808,
    0.33753,
    0.33816,
    0.37538,
    0.38938,
    0.45693,
    0.46319,
    0.51004,
    0.44476,
    0.5354,
    0.5671,
    0.55725,
    0.65854,
    0.5993,
    0.56923,
    0.64591,
    0.74479,
    0.72864,
    0.74595,
    0.73516,
    0.80117,
    0.74138,
    0.78365,
    0.67897,
    0.86782,
    0.65714,
    0.82412,
    0.8209,
    0.83516,
    0.76824,
    0.78723,
    0.85024,
    0.8534,
    0.85854,
    0.87368,
    0.8341,
    0.89637,
    0.84466,
    0.87065,
    0.88776,
    0.82511,
    0.895,
    0.84878,
    0.8296,
    0.86603,
    0.81938,
    0.87685,
    0.90306,
    0.86321,
    0.86603,
    0.85981,
    0.84932,
    0.85981,
    0.85849,
    0.87264,
    0.9,
    0.85714,
    0.86854,
    0.89231,
    0.90355,
    0.85915,
    0.84685,
    0.87143,
    0.91579,
    0.91623,
    0.90674,
    0.84513,
    0.84513,
    0.84211,
    0.84821,
    0.84211,
    0.84211,
    0.84513,
    0.8552,
    0.8552
  ],
  "val_recall": [
    0.63592,
    0.59223,
    0.67476,
    0.6068,
    0.7233,
    0.67476,
    0.65049,
    0.67961,
    0.59223,
    0.64078,
    0.59223,
    0.73301,
    0.6165,
    0.76214,
    0.58738,
    0.63592,
    0.70874,
    0.65534,
    0.83495,
    0.71845,
    0.80583,
    0.69417,
    0.70388,
    0.6699,
    0.78155,
    0.66505,
    0.83495,
    0.79126,
    0.8932,
    0.73301,
    0.8932,
    0.79612,
    0.80097,
    0.73786,
    0.86893,
    0.89806,
    0.85437,
    0.79126,
    0.85437,
    0.80583,
    0.87864,
    0.83981,
    0.84466,
    0.84951,
    0.84466,
    0.8932,
    0.86893,
    0.84466,
    0.89806,
    0.87864,
    0.90291,
    0.86408,
    0.85922,
    0.88835,
    0.87864,
    0.8932,
    0.90291,
    0.8932,
    0.8835,
    0.89806,
    0.87379,
    0.90291,
    0.89806,
    0.84466,
    0.86408,
    0.88835,
    0.91262,
    0.88835,
    0.84466,
    0.84951,
    0.84951,
    0.92718,
    0.92718,
    0.93204,
    0.92233,
    0.93204,
    0.93204,
    0.92718,
    0.91748,
    0.91748
  ],
  "val_auc": [
    0.70499,
    0.72399,
    0.73696,
    0.74831,
    0.74949,
    0.7626,
    0.77865,
    0.79265,
    0.80839,
    0.82332,
    0.85305,
    0.85927,
    0.87675,
    0.87261,
    0.87052,
    0.89361,
    0.91248,
    0.91075,
    0.94043,
    0.91139,
    0.93869,
    0.94264,
    0.94166,
    0.94655,
    0.96179,
    0.95212,
    0.96701,
    0.96547,
    0.96454,
    0.96869,
    0.965,
    0.97366,
    0.97453,
    0.97057,
    0.97543,
    0.9805,
    0.98038,
    0.97718,
    0.98042,
    0.98057,
    0.98447,
    0.98373,
    0.98159,
    0.98289,
    0.98335,
    0.98202,
    0.98356,
    0.97878,
    0.98232,
    0.98267,
    0.98161,
    0.98403,
    0.9858,
    0.98305,
    0.98364,
    0.98457,
    0.98402,
    0.98492,
    0.98407,
    0.98556,
    0.98593,
    0.98567,
    0.98579,
    0.98349,
    0.98614,
    0.98437,
    0.98543,
    0.98634,
    0.98586,
    0.98607,
    0.98537,
    0.98621,
    0.98609,
    0.9863,
    0.98631,
    0.98615,
    0.9863,
    0.98627,
    0.98628,
    0.9863
  ]
}